Scenario Name,Heap Size,Concurrent Users,Message Size (Bytes),Back-end Service Delay (ms),Label,# Samples,Error Count,Error %,Throughput (Requests/sec),Average Response Time (ms),Average Users in the System,Standard Deviation of Response Time (ms),Minimum Response Time (ms),Maximum Response Time (ms),75th Percentile of Response Time (ms),90th Percentile of Response Time (ms),95th Percentile of Response Time (ms),98th Percentile of Response Time (ms),99th Percentile of Response Time (ms),99.9th Percentile of Response Time (ms),Received (KB/sec),Sent (KB/sec),Back-end Server GC Throughput (%),Back-end Server Memory Footprint (M),Average Back-end Server Memory Footprint After Full GC (M),Standard Deviation of Back-end Server Memory Footprint After Full GC (M),JMeter Client GC Throughput (%),JMeter Client Memory Footprint (M),Average JMeter Client Memory Footprint After Full GC (M),Standard Deviation of JMeter Client Memory Footprint After Full GC (M),Back-end Server - Run queue length,Back-end Server - Number of tasks,Back-end Server - System Load Average - Last 1 minute,Back-end Server - System Load Average - Last 5 minutes,Back-end Server - System Load Average - Last 15 minutes,Back-end Server - Blocked,Back-end Server - CPU - User (%),Back-end Server - CPU - Nice (%),Back-end Server - CPU - System (%),Back-end Server - CPU - I/O Wait (%),Back-end Server - CPU - Steal (%),Back-end Server - CPU - Idle (%),Back-end Server - Memory - Free (kB),Back-end Server - Memory - Available (kB),Back-end Server - Memory - Used (kB),Back-end Server - Memory - Used (%),Back-end Server - Memory - Buffers (kB),Back-end Server - Memory - Cached (kB),Back-end Server - Memory - Commit (kB),Back-end Server - Memory - Commit (%),Back-end Server - Memory - Active (kB),Back-end Server - Memory - Inactive (kB),Back-end Server - Memory - Dirty (kB),Back-end Server - Block Device - TPS (transfers/s),Back-end Server - Block Device - Read TPS (kB/s),Back-end Server - Block Device - Write TPS (kB/s),Back-end Server - Block Device - Discard TPS (kB/s),Back-end Server - Block Device - Average Request Size (kB),Back-end Server - Block Device - Average Queue Length,Back-end Server - Block Device - Average Time (ms),Back-end Server - Block Device - Utilization (%),Back-end Server - IO - TPS (transfers/s),Back-end Server - IO - Read TPS (requests/s,Back-end Server - IO - Write TPS (requests/s),Back-end Server - IO - Discard TPS (requests/s),Back-end Server - IO - Data reads per seconds (blocks/s),Back-end Server - IO - Data writes per seconds (blocks/s),Back-end Server - IO - Data discarded per seconds (blocks/s),Back-end Server - Tasks created per second,Back-end Server - Context switches per second,Back-end Server - Unused directory cache entries,Back-end Server - Number of file handles,Back-end Server - Number of inode handlers,Back-end Server - Number of pseudo-terminals,Back-end Server - Network - Received packets/s,Back-end Server - Network - Transmitted packets/s,Back-end Server - Network - Received kB/s,Back-end Server - Network - Transmitted kB/s,Back-end Server - Network - Received compressed packets/s,Back-end Server - Network - Transmitted compressed packets/s,Back-end Server - Network - Received multicast packets/s,Back-end Server - Network - Utilization (%),Back-end Server - Task clock,Back-end Server - Context switches,Back-end Server - CPU Migrations,Back-end Server - Page faults,JMeter Client - Run queue length,JMeter Client - Number of tasks,JMeter Client - System Load Average - Last 1 minute,JMeter Client - System Load Average - Last 5 minutes,JMeter Client - System Load Average - Last 15 minutes,JMeter Client - Blocked,JMeter Client - CPU - User (%),JMeter Client - CPU - Nice (%),JMeter Client - CPU - System (%),JMeter Client - CPU - I/O Wait (%),JMeter Client - CPU - Steal (%),JMeter Client - CPU - Idle (%),JMeter Client - Memory - Free (kB),JMeter Client - Memory - Available (kB),JMeter Client - Memory - Used (kB),JMeter Client - Memory - Used (%),JMeter Client - Memory - Buffers (kB),JMeter Client - Memory - Cached (kB),JMeter Client - Memory - Commit (kB),JMeter Client - Memory - Commit (%),JMeter Client - Memory - Active (kB),JMeter Client - Memory - Inactive (kB),JMeter Client - Memory - Dirty (kB),JMeter Client - Block Device - TPS (transfers/s),JMeter Client - Block Device - Read TPS (kB/s),JMeter Client - Block Device - Write TPS (kB/s),JMeter Client - Block Device - Discard TPS (kB/s),JMeter Client - Block Device - Average Request Size (kB),JMeter Client - Block Device - Average Queue Length,JMeter Client - Block Device - Average Time (ms),JMeter Client - Block Device - Utilization (%),JMeter Client - IO - TPS (transfers/s),JMeter Client - IO - Read TPS (requests/s,JMeter Client - IO - Write TPS (requests/s),JMeter Client - IO - Discard TPS (requests/s),JMeter Client - IO - Data reads per seconds (blocks/s),JMeter Client - IO - Data writes per seconds (blocks/s),JMeter Client - IO - Data discarded per seconds (blocks/s),JMeter Client - Tasks created per second,JMeter Client - Context switches per second,JMeter Client - Unused directory cache entries,JMeter Client - Number of file handles,JMeter Client - Number of inode handlers,JMeter Client - Number of pseudo-terminals,JMeter Client - Network - Received packets/s,JMeter Client - Network - Transmitted packets/s,JMeter Client - Network - Received kB/s,JMeter Client - Network - Transmitted kB/s,JMeter Client - Network - Received compressed packets/s,JMeter Client - Network - Transmitted compressed packets/s,JMeter Client - Network - Received multicast packets/s,JMeter Client - Network - Utilization (%)
Echo service - HTTP/1.1 over cleartext,4G,100,1024,0,HTTP Request,6911447,0,0,38386.48,2.44,93,3.3,0,247,3,3,3,4,5,51,42022.7,44909.18,99.98,4087.5,,,97.19,2048,5798,0,1.8,172.4,0.85,0.45,0.21,0.2,11.45,0,10.78,0,0,77.77,4642785.6,5999099.2,1497887.2,19.18,32970.4,1494171.2,5086480.8,65.15,1862003.2,1103796.8,68.8,2.17,2.61,13.33,0,6.61,0,0.56,0.02,2.17,0.21,1.96,0,5.22,26.65,0,3.9,63423.64,47894.8,1196.8,44433.8,0,35466.99,35388.13,43681.34,41016.29,0,0,0,0,231465.385346,10200563,1431597,349491,75.8,272.4,59.79,27.17,10.68,0,63.24,0,28.76,0.01,0,7.98,3766450.4,5918311.2,1564616.8,20.04,34499.2,2275002.4,2878532,36.87,1953464.8,1857235.2,55556.8,13.99,3.88,3286.55,0,232.53,0.06,4.99,0.94,13.99,0.1,13.9,0,7.75,6573.11,0,1.2,37894.87,50696,1260.8,47297.6,0,35383.55,35462.5,41010.54,43675.4,0,0,0,0
Echo service - HTTP/1.1 over cleartext,4G,100,1024,1000,HTTP Request,17982,0,0,99.42,1002,99,0.13,1000,1010,1003,1003,1003,1003,1003,1003,108.83,116.31,,,,,99.94,2048,5812,0,0,172.6,0.01,0.09,0.07,0,0.49,0,0.12,0.02,0,99.37,5886749.6,7241936,256115.2,3.28,32796,1493388,5080443.2,65.07,617492,1108127.2,46.4,3.39,15.41,21.42,0,7.87,0,0.61,0.03,3.39,1.8,1.59,0,30.81,42.83,0,1.09,450.5,47575.2,1209.6,44331.8,0,88.89,175.49,108.27,106.87,0,0,0,0,4346.972691,62790,19651,28103,0,293,0.1,0.29,0.16,0,1.15,0,0.16,0.1,0,98.59,5472752,6996376.8,495615.2,6.35,34308.8,1655617.6,2884536.8,36.95,883488,1240876,230.4,3.37,15.11,46.66,0,16.31,0,0.81,0.08,3.37,1.68,1.69,0,30.23,93.32,0,1.23,432.25,50513.2,1235.2,47194.8,0,175.74,89.14,106.92,108.28,0,0,0,0
Echo service - HTTP/1.1 over cleartext,4G,100,10240,0,HTTP Request,4218271,0,0,23435.75,4.13,96,2.43,0,266,4,5,5,6,8,39,236600.38,238362.64,99.98,4085,,,98.13,2048,5804,0,1,172,0.82,0.48,0.31,0,11.08,0,14.87,0,0,74.04,4708479.2,6065612,1431092.8,18.33,33265.6,1494657.6,5085428,65.13,1811622.4,1086828.8,41.6,1.87,0,12.15,0,6.42,0,0.6,0.02,1.87,0,1.87,0,0,24.31,0,3.86,50505.95,48230,1190.4,44426,0,66181.18,66200.66,228629.1,227003.03,0,0,0,0,268671.838396,7966809,992425,350100,69.2,273.2,66.92,38.8,23.72,0.4,59.31,0,34.7,0.01,0.01,5.97,3888304.8,5916331.2,1567598.4,20.08,35012,2152277.6,2886635.2,36.97,1954008.8,1732712,20932,9.91,0,2302.4,0,230.49,0.08,8.38,1.07,9.91,0,9.91,0,0,4604.8,0,1.21,23617.74,50869.4,1241.6,47423,0,66200.85,66182.46,227002.17,228632.24,0,0,0,0
Echo service - HTTP/1.1 over cleartext,4G,100,10240,1000,HTTP Request,17980,0,0,99.47,1002.01,99,0.32,1000,1021,1003,1003,1003,1003,1003,1003,1004.2,1011.68,,,,,99.97,2048,5812,0,0,171.2,0.04,0.29,0.23,0,0.45,0,0.15,0,0,99.4,5885767.2,7242528.8,254214.4,3.26,33182.4,1494354.4,5082828,65.1,637429.6,1087278.4,43.2,1.32,0,8.18,0,6.46,0,0.61,0.01,1.32,0,1.32,0,0,16.37,0,0.82,457.89,48062.2,1177.6,44425,0,267.74,356.13,923.15,918.79,0,0,0,0,5119.970261,64324,19269,30754,0.6,274,4.92,24.72,16.74,0.2,1.08,0,0.22,0.02,0,98.67,5061920.8,6684963.2,804652.8,10.31,34836,1752478.4,2902664,37.18,1193514.4,1333450.4,116,2.45,0.59,317.47,0,55.5,0,1.21,0.08,2.45,0.15,2.3,0,1.17,634.93,0,0.63,424.91,50789.2,1299.2,47361.4,0,356.33,267.92,918.79,923.17,0,0,0,0
Echo service - HTTP/1.1 over cleartext,4G,200,1024,0,HTTP Request,6759210,0,0,37528.44,4.55,170,7.88,0,498,5,6,7,12,32,124,41083.38,43905.34,99.98,4087,,,97.16,2048,5795,0,0.83,172.83,0.58,0.4,0.33,0.17,10.16,0,10.4,0,0,79.43,4846486.67,6204352,1291382,16.54,33456.67,1495106,5079774.67,65.06,1673993.33,1086740,486.67,1.85,0.01,11.81,0,6.38,0,0.46,0.02,1.85,0,1.84,0,0.02,23.61,0,3.49,55528.32,48558.17,1253.33,44469.67,0,31199.07,30882.22,38105.8,35766.67,0,0,0,0,229488.498466,9988689,1354165,350282,97.2,373.2,100.2,55.13,36.16,0,55.08,0,24.68,0.01,0,20.24,3971058.4,6126947.2,1353327.2,17.34,35320.8,2277764.8,2984940,38.23,1743842.4,1857180.8,70890.4,12.15,0.01,2864.17,0,195.77,0.06,4.76,0.89,12.15,0,12.14,0,0.03,5728.34,0,1.56,32371.09,51024.6,1324.8,47630.2,0,29742.33,30026.75,34439.52,36690.33,0,0,0,0
Echo service - HTTP/1.1 over cleartext,4G,200,1024,1000,HTTP Request,35986,0,0,198.82,1002.01,199,0.46,1000,1038,1003,1003,1003,1003,1003,1003,217.65,232.6,,,,,99.96,2048,5794,0,0.2,172,0.15,0.4,0.33,0,1.41,0,1,0.01,0,97.59,5870292.8,7227688,268695.2,3.44,33352,1494831.2,5083960,65.11,653551.2,1086630.4,204.8,2.12,0,13.57,0,6.41,0,0.65,0.02,2.12,0,2.12,0,0,27.13,0,3.86,3405.93,48391.4,1254.4,44499.8,0,3689.08,3836.51,12399.34,12310.11,0,0,0,0,6403.002140,114962,40666,48998,0,373,13.6,35.26,27.69,0,6.05,0,2.19,0.29,0,91.46,5113556.8,6805759.2,681092,8.72,35189.6,1819869.6,2994870.4,38.36,1073005.6,1399870.4,12574.4,11.96,0.03,2825.98,0,105.86,0.08,3.48,1.22,11.96,0.01,11.95,0,0.05,5651.97,0,1.55,1882.22,50948.8,1299.2,47568.8,0,3820.41,3672.94,12253.34,12342.22,0,0,0,0
Echo service - HTTP/1.1 over cleartext,4G,200,10240,0,HTTP Request,4037019,0,0,22419.91,8.34,186,8.37,0,481,10,12,13,20,34,123,226344.77,228030.65,99.98,4085,,,98.08,2048,5805,0,1.4,172,0.86,0.51,0.4,0,9.3,0,12.85,0,0,77.84,4937352.8,6295789.6,1199723.2,15.37,33647.2,1495376.8,5085257.6,65.13,1580935.2,1086834.4,504.8,1.95,0,12.83,0,6.56,0,0.67,0.02,1.95,0,1.95,0,0,25.67,0,3.86,41707.28,48877,1248,44495,0,54096.29,54232.03,186871.13,185677.05,0,0,0,0,268521.652922,7677194,904888,352556,119.4,372.8,99.59,63.12,50.37,0.4,51.77,0,29.25,0,0.01,18.97,3854102.4,5946491.2,1534431.2,19.65,35656.8,2214662.4,2991228,38.31,1918665.6,1792692,30371.2,7.66,0,1716.25,0,186.7,0.05,6.37,0.71,7.66,0,7.66,0,0,3432.49,0,1.55,19785.09,51176,1324.8,47764,0,54260.21,54124.76,185772.6,186968.07,0,0,0,0
Echo service - HTTP/1.1 over cleartext,4G,200,10240,1000,HTTP Request,35982,0,0,198.79,1002,199,0.14,1000,1022,1003,1003,1003,1003,1003,1003,2006.91,2021.86,,,,,99.95,2048,5804,0,0,173,0.15,0.36,0.34,0,0.84,0,0.29,0.01,0,98.87,5864172.8,7222260.8,273488.8,3.5,33556,1495199.2,5083000,65.1,658309.6,1086704.8,274.4,2.15,0,13.27,0,6.42,0,0.55,0.03,2.15,0,2.15,0,0,26.54,0,3.56,737.34,48721,1267.2,44508.6,0,457.39,607.95,1574.28,1566.73,0,0,0,0,7677.223860,116295,34925,48136,0,373.6,18.74,58.91,47.7,0,4.1,0,0.52,0.32,0,95.05,4671636.8,6472576.8,1011782.4,12.96,35532.8,1926252.8,2987904,38.27,1398226.4,1505111.2,262.4,18.3,0.03,4407.41,0,71.34,0.11,1.85,1.44,18.3,0.01,18.29,0,0.05,8814.82,0,1.32,660.47,51106.4,1312,47712,0,606.14,456.12,1560.79,1568.37,0,0,0,0
Echo service - HTTP/1.1 over cleartext,4G,500,1024,0,HTTP Request,5834959,0,0,32357.12,12.89,417,11.76,0,812,16,20,29,44,55,109,35422.2,37855.3,99.98,4085,,,97.35,2048,5794,0,0.8,171,0.57,0.42,0.41,0.2,7.9,0,8.74,0.01,0,83.35,4723248,6082744,1411401.6,18.08,33844.8,1496062.4,5083692,65.11,1794869.6,1087424,321.6,2.09,0,13.38,0,6.46,0,0.62,0.02,2.09,0,2.09,0,0,26.76,0,3.85,45957.53,49195.4,1548.8,44763,0,26202.32,24874.08,30727.1,28778.18,0,0,0,0,178415.121239,8065624,850905,351696,206.6,672,283.53,143.84,88.22,0,62.81,0,23.61,0,0.01,13.57,3541496,5821119.2,1653689.6,21.18,35968.8,2398749.6,3298376,42.24,2040133.6,1975297.6,39274.4,10.86,0,2539.66,0,196.99,0.05,4.84,0.87,10.86,0,10.86,0,0,5079.33,0,2.55,27682.85,51331,1600,48176.2,0,24889.43,26218.96,28795.75,30746.04,0,0,0,0
Echo service - HTTP/1.1 over cleartext,4G,500,1024,1000,HTTP Request,90008,0,0,496.76,1002.01,497,0.86,1000,1204,1003,1003,1003,1003,1003,1003,543.82,581.17,,,,,99.91,2048,5804,0,0,171,0.18,0.49,0.45,0,0.95,0,0.4,0.01,0,98.64,5758192,7117184.8,377975.2,4.84,33756,1495748,5082004,65.09,763317.6,1087173.6,78.4,1.9,0,12.52,0,6.48,0,0.51,0.02,1.9,0,1.9,0,0,25.03,0,2.16,1703.43,49036.8,1548.8,44786.2,0,411.11,811.61,500.98,494.53,0,0,0,0,12025.136743,274527,54822,98834,0,672,17.95,61.42,57.47,0,3.56,0,0.62,0.17,0,95.65,4392026.4,6278588.8,1200860,15.38,35841.6,2009888.8,3300208,42.27,1588696.8,1587343.2,1165.6,11.96,0.01,2816.11,0,90.53,0.06,1.64,0.81,11.96,0,11.96,0,0.03,5632.22,0,2.08,1295.7,51254.8,1606.4,48128.4,0,812.31,411.59,494.8,501.28,0,0,0,0
Echo service - HTTP/1.1 over cleartext,4G,500,10240,0,HTTP Request,3712880,0,0,20584.68,19.34,398,17.81,0,829,25,33,42,58,70,215,207816.86,209364.73,99.98,4084.5,,,97.75,2048,5804,0,0.8,171,0.84,0.52,0.44,0.2,8.03,0,15.76,0,0,76.21,4764802.4,6124968,1368800.8,17.53,34043.2,1496545.6,5084892,65.12,1747280.8,1087792.8,89.6,2.02,0,13.84,0,6.56,0,0.6,0.02,2.02,0,2.02,0,0,27.67,0,3.85,44130.04,49518.4,1523.2,44777,0,50837.94,51269.39,175574.86,174896.48,0,0,0,0,230711.083330,7441740,684989,356694,381.8,673,273.87,170.63,128.94,0.2,59.52,0,29.67,0,0,10.81,3507740.8,5796951.2,1677270.4,21.48,36299.2,2407592,3304919.2,42.33,2046429.6,1982343.2,44939.2,7.66,0,1710.6,0,197.99,0.03,3.49,0.48,7.66,0,7.66,0,0,3421.21,0,2.55,19498.68,51487.4,1612.8,48329.4,0,51305.69,50874.96,175020.58,175701.33,0,0,0,0
Echo service - HTTP/1.1 over cleartext,4G,500,10240,1000,HTTP Request,89998,0,0,496.74,1002.01,497,0.36,1000,1031,1003,1003,1003,1003,1003,1003,5014.89,5052.24,,,,,99.9,2048,5799,0,0,170.6,0.14,0.35,0.4,0,0.95,0,0.51,0.01,0,98.53,5741079.2,7100905.6,393624,5.04,33954.4,1496244.8,5082116,65.09,778794.4,1087561.6,85.6,2.26,0,14.09,0,6.4,0,0.5,0.03,2.26,0,2.26,0,0,28.17,0,1.34,1802.67,49355,1555.2,44796,0,1257.67,1672.81,4337.84,4316.4,0,0,0,0,14297.659518,284117,53944,101919,0,673,33.96,139.84,114.08,0,3.29,0,0.82,0.02,0,95.87,4137892,6140266.4,1336841.6,17.12,36168.8,2123473.6,3301747.2,42.29,1711464.8,1699173.6,676.8,2.7,0,401.53,0,79.12,0.01,1.27,0.09,2.7,0,2.7,0,0,803.05,0,2.01,1322.22,51408,1625.6,48279.2,0,1674.13,1258.71,4319.23,4340.76,0,0,0,0
Echo service - HTTP/1.1 over TLS,4G,100,1024,0,HTTP Request,3959064,0,0,21996.51,4.44,97,3.71,0,255,5,5,6,6,7,63,24080.16,25734.2,99.98,4082.5,,,98.32,2048,5812,0,1.2,171,0.44,0.32,0.37,0,10.59,0,6.41,0.01,0,82.99,4685515.2,6049214.4,1445783.2,18.52,34279.2,1499735.2,5092316,65.22,1833211.2,1087388.8,86.4,2.11,0,21.96,0,7.79,0,0.69,0.03,2.11,0,2.11,0,0,43.95,0,3.85,38339.9,49860,1248,44429.4,0,20713.53,20668.51,26095.05,24540.8,0,0,0,0,179198.781548,6031771,642985,341305,91.2,272,69.64,81.4,110.01,0,75.96,0,18.38,0,0,5.66,3435172,5891144.8,1585006.4,20.3,36612.8,2572099.2,2890128,37.02,1981607.2,2144368.8,16838.4,9.31,0,2136.49,0,227.32,0.04,4.83,0.64,9.31,0,9.31,0,0,4272.98,0,1.19,21733.59,51640,1248,48114.2,0,20609.8,20654.57,24470.34,26020.19,0,0,0,0
Echo service - HTTP/1.1 over TLS,4G,100,1024,1000,HTTP Request,17981,0,0,99.39,1002,99,0.06,1000,1008,1003,1003,1003,1003,1003,1003,108.81,116.28,,,,,99.93,2048,5812,0,0,171.4,0.06,0.33,0.39,0,0.43,0,0.1,0,0,99.46,5829947.2,7193090.4,302008,3.87,34181.6,1499297.6,5091360,65.21,689897.6,1088992.8,28.8,1.32,0,16.51,0,9.26,0,0.7,0.01,1.32,0,1.32,0,0,33,0,0.56,451.33,49696.4,1241.6,44433.4,0,91.96,180.41,113.25,112.13,0,0,0,0,5300.150218,64618,20462,29525,0,272,28.66,135.12,134.69,0,1.32,0,0.16,0.01,0,98.5,4788406.4,6871832.8,607523.2,7.78,36475.2,2202588.8,2885412.8,36.95,1004648.8,1776381.6,197.6,2.11,0,281.46,0,54.42,0,1.09,0.06,2.11,0,2.11,0,0,562.92,0,0.57,435.66,51564,1280,48050.4,0,180.67,92.12,112.22,113.35,0,0,0,0
Echo service - HTTP/1.1 over TLS,4G,100,10240,0,HTTP Request,937969,0,0,5210.45,18.93,98,7.69,0,268,20,21,22,27,40,123,52603.12,52994.93,99.99,3925.5,,,99.46,2048,5804,0,1.2,170.4,0.26,0.21,0.27,0,4.4,0,4.51,0.01,0,91.08,5108560.8,6472792,1022217.6,13.09,34466.4,1499961.6,5082432.8,65.09,1410076.8,1087372.8,316,2.5,0,23.41,0,7.72,0,0.61,0.03,2.5,0,2.5,0,0,46.83,0,3.86,16352.51,50187,1209.6,44414,0,12535.68,12536.57,43526.84,43102.57,0,0,0,0,80753.343826,2995562,111672,251586,80.8,272,59.31,43.06,74.39,0,74.04,0,7.07,0,0,18.89,3876282.4,6093996,1384660,17.73,36900,2335168.8,2892260,37.04,1783188,1905497.6,7444,2.64,0,417.52,0,138.19,0.01,4.02,0.24,2.64,0,2.64,0,0,835.05,0,1.21,4823.05,51793,1260.8,48237.2,0,12548.51,12547.74,43142.34,43567.38,0,0,0,0
Echo service - HTTP/1.1 over TLS,4G,100,10240,1000,HTTP Request,17976,0,0,99.33,1002,99,0.22,1000,1016,1003,1003,1003,1003,1003,1003,1002.85,1010.32,,,,,99.95,2048,5796,0,0,171,0.09,0.24,0.32,0,1.41,0,0.51,0.01,0,98.07,5844511.2,7208404,286799.2,3.68,34365.6,1499783.2,5089420,65.18,676598.4,1087223.2,76,2.1,0,22.03,0,7.88,0,0.65,0.03,2.1,0,2.1,0,0,44.06,0,3.91,2532.39,50023,1190.4,44418,0,1280,1276.04,2106.96,2019,0,0,0,0,6415.704427,91353,17926,31424,0,272,11.73,49.67,89.67,0,7.57,0,1.26,0.21,0,90.96,4425452.8,6573744.8,905144.8,11.59,36780.8,2265960,2889380.8,37.01,1305270.4,1837466.4,262.4,11.29,0.01,2612.31,0,62.71,0.05,1.5,0.79,11.29,0,11.28,0,0.03,5224.63,0,1.21,1566.91,51717,1241.6,48173.2,0,1317.43,1321.32,2068.11,2159.19,0,0,0,0
Echo service - HTTP/1.1 over TLS,4G,200,1024,0,HTTP Request,3803124,0,0,21107.01,9.08,191,9.26,0,481,10,11,12,16,33,151,23106.4,24693.55,99.98,4082.5,,,98.29,2048,5790,0,1.6,172,0.52,0.29,0.25,0,9.73,0,5.97,0.01,0,84.29,4698226.4,6063286.4,1431041.6,18.33,34672.8,1500517.6,5092540,65.22,1819367.2,1087810.4,131.2,2.05,0,21.55,0,7.69,0,0.55,0.03,2.05,0,2.05,0,0,43.11,0,3.86,34878.82,50521,1312,44522.2,0,18959.17,18780.45,23706.43,22287.53,0,0,0,0,172158.490311,5716320,581495,344167,160,372.4,133.04,73.28,69.57,0,73.62,0,17.66,0,0,8.72,3348977.6,5855034.4,1619412,20.74,37160,2620208.8,2990248,38.3,2016470.4,2187855.2,37918.4,8.11,0,1808.68,0,218.76,0.03,4.37,0.52,8.11,0,8.11,0,0,3617.36,0,1.55,20133.54,51949,1331.2,48479.4,0,18799.63,18978.49,22310,23730.42,0,0,0,0
Echo service - HTTP/1.1 over TLS,4G,200,1024,1000,HTTP Request,35977,0,0,198.77,1002.01,199,0.37,1000,1028,1003,1003,1003,1003,1003,1003,217.6,232.55,,,,,99.94,2048,5798,0,0.2,172,0.06,0.16,0.23,0,0.91,0,0.25,0.01,0,98.83,5799542.4,7164132.8,330700.8,4.23,34575.2,1500206.4,5089804,65.19,720893.6,1087557.6,101.6,2.13,0,21.7,0,7.68,0,0.47,0.02,2.13,0,2.13,0,0,43.4,0,2.81,791.99,50358,1312,44531.4,0,177.09,346.68,217.34,215.25,0,0,0,0,7749.288848,113350,36563,50100,0,373.6,10.31,37.7,64.11,0,2.22,0,0.32,0.01,0,97.45,4347476,6523573.6,953872.8,12.22,37038.4,2293149.6,2997400,38.39,1350702.4,1862148,188,1.6,0,140.66,0,54.4,0,0.87,0.04,1.6,0,1.6,0,0,281.33,0,1.1,726.07,51871,1356.8,48417.6,0,347.15,177.4,215.42,217.53,0,0,0,0
Echo service - HTTP/1.1 over TLS,4G,200,10240,0,HTTP Request,929548,0,0,5158.71,37.91,195,22.68,0,535,41,43,47,82,136,303,52080.81,52468.72,99.98,3925.5,,,99.35,2048,5808,0,0.2,171,0.39,0.27,0.24,0,5.68,0,6.46,0.01,0,87.86,4952576.8,6318463.2,1176104.8,15.06,34872.8,1501003.2,5090620,65.2,1563780,1088210.4,88,2.02,0,21.08,0,7.74,0,0.55,0.03,2.02,0,2.02,0,0,42.16,0,2.55,19255.5,50844,1286.4,44529,0,14857.66,14870.41,51592.39,51100.15,0,0,0,0,84897.269205,2949168,114783,259197,173.2,372.6,145.95,88.4,75.73,0,88.63,0,8.82,0,0,2.54,3514564,5858330.4,1617464,20.71,37432.8,2459084.8,2991916,38.32,2014966.4,2023725.6,8728,3.11,0,536.93,0,171.29,0.02,7.15,0.31,3.11,0,3.11,0,0,1073.87,0,1.08,5802.26,52103,1363.2,48629.2,0,14885.74,14873.13,51151.84,51644.79,0,0,0,0
Echo service - HTTP/1.1 over TLS,4G,200,10240,1000,HTTP Request,35966,0,0,198.67,1002,199,0.24,1000,1019,1003,1003,1003,1003,1003,1003,2005.75,2020.68,,,,,99.94,2048,5804,0,0,172,0.12,0.26,0.25,0.2,1.98,0,0.83,0.01,0,97.19,5817481.6,7182919.2,311475.2,3.99,34767.2,1500690.4,5088716,65.17,701772,1087937.6,286.4,2.34,0,22.83,0,7.93,0,0.58,0.03,2.34,0,2.34,0,0,45.64,0,3.86,4292.91,50682.4,1292.8,44499,0,2236.93,2214.5,3742.79,3588.9,0,0,0,0,9556.444776,170184,43315,55346,0.4,372.2,29.74,72.1,72.89,0,11.08,0,2.07,0.05,0,86.79,4109115.2,6357279.2,1118782.4,14.33,37296,2363636,2994836,38.36,1519637.6,1929801.6,13316,3.52,0,620.45,0,98.44,0.02,3.85,0.32,3.52,0,3.52,0,0,1240.9,0,1.55,2555.35,52024,1318.4,48526.2,0,2194.34,2216.75,3565.99,3718.33,0,0,0,0
Echo service - HTTP/1.1 over TLS,4G,500,1024,0,HTTP Request,3516000,0,0,19222.78,23.14,444,23.79,0,1103,27,30,41,66,95,345,21043.69,22489.15,99.98,4082,,,98.09,2048,5804,0,0.4,172,0.6,0.36,0.29,0,8.27,0,5.74,0.01,0,85.97,4783640,6149932.8,1343322.4,17.2,35068,1501232,5089116,65.18,1732507.2,1088352.8,138.4,2.38,0,23.3,0,7.26,0,0.62,0.03,2.38,0,2.38,0,0,46.6,0,3.86,28845.53,51178,1555.2,44779,0,16582.53,15410.64,19466.65,18242.71,0,0,0,0,154328.990566,5019447,465357,342435,181.6,672.2,288.25,149.64,101.8,0,71.37,0,16.12,0,0,12.5,3226672.8,5759474.4,1710351.2,21.9,37686.4,2645838.4,3297964,42.24,2099379.2,2207016.8,28316.8,7.19,0,1582.53,0,191.8,0.03,4.16,0.47,7.19,0,7.19,0,0,3165.06,0,2.55,17096.58,52255,1612.8,49007.8,0,15372.37,16537.16,18195.62,19416.26,0,0,0,0
Echo service - HTTP/1.1 over TLS,4G,500,1024,1000,HTTP Request,90057,0,0,496.59,1002.01,497,0.46,1000,1039,1003,1003,1003,1003,1003,1003,543.63,580.97,,,,,99.89,2048,5803,0,0,172,0.2,0.28,0.26,0.2,1.5,0,0.63,0,0,97.87,5683015.2,7048975.2,444949.6,5.7,34967.2,1501048.8,5092172,65.22,835806.4,1088206.4,91.2,2.05,0,21.79,0,7.85,0,0.55,0.02,2.05,0,2.05,0,0,43.59,0,3.86,2273.92,51011.4,1580.8,44797.2,0,821.36,1225.8,1891.31,1875.24,0,0,0,0,13781.365060,276159,42791,112360,0.2,672.8,24.84,73.71,75.68,0.2,5.8,0,0.85,0.02,0,93.33,3938953.6,6221449.6,1250689.6,16.02,37557.6,2397226.4,3303341.6,42.31,1639623.2,1960303.2,1409.6,1.62,0,167.14,0,75.62,0,2.06,0.08,1.62,0,1.62,0,0,334.28,0,2.55,1499.86,52176.4,1619.2,48958.2,0,1258.62,855.14,1993.07,2010.33,0,0,0,0
Echo service - HTTP/1.1 over TLS,4G,500,10240,0,HTTP Request,931655,0,0,5103,87.24,445,88.51,0,1610,102,122,205,363,495,875,51518.39,51902.11,99.98,3925.5,,,99.01,2048,5805,0,0.2,172,0.21,0.22,0.24,0,4.34,0,4.8,0.01,0,90.86,4997413.6,6364590.4,1129236.8,14.46,35272.8,1501720.8,5091916,65.21,1518309.6,1088748.8,189.6,2.2,0,22.06,0,7.28,0,0.61,0.02,2.2,0,2.2,0,0,44.11,0,3.86,17941.59,51503.4,1568,44800.2,0,13780.88,13875.89,47795.41,47474.58,0,0,0,0,82154.105725,2902463,108649,264878,389,672.2,307.93,191.25,145.53,0,84.43,0,8.34,0.02,0,7.21,3283148,5727891.2,1742416,22.32,37992.8,2557433.6,3308978.4,42.38,2129164,2115428,7059.2,2.96,0,477.22,0,159.15,0.03,13.7,0.41,2.96,0,2.96,0,0,954.45,0,2.55,5885.6,52408,1644.8,49170.8,0,13893.86,13798.68,47534.42,47855.73,0,0,0,0
Echo service - HTTP/1.1 over TLS,4G,500,10240,1000,HTTP Request,89983,0,0,496.27,1002.02,497,0.63,1000,1030,1003,1003,1003,1003,1003,1011,5010.18,5047.5,,,,,99.85,2048,5808,0,0.2,171.2,0.18,0.27,0.27,0,1.44,0,0.64,0.01,0,97.91,5637099.2,7003960,489663.2,6.27,35173.6,1501538.4,5093892,65.24,880229.6,1088608.8,221.6,2.1,0,21.87,0,7.59,0,0.65,0.03,2.1,0,2.1,0,0,43.74,0,1.34,2650.45,51337,1593.6,44819.4,0,1314.59,1309.59,4531.6,4470.9,0,0,0,0,19128.477810,404415,25072,118353,0.2,672.8,38.37,150.54,128.08,0.2,6.87,0,0.83,0.05,0,92.25,3552816,5916390.4,1553911.2,19.9,37872,2476583.2,3295668,42.21,1945276.8,2036242.4,745.6,2.31,0,297.9,0,79.01,0.03,23.57,0.57,2.31,0,2.31,0,0,595.8,0,2.01,1392.31,52329.4,1664,49121,0,1311.58,1316.58,4477.06,4537.88,0,0,0,0
